{
    "metrics": {
        "latency_over_time": {
            "avg": 60.430033178557814,
            "min": 33.465003,
            "med": 57.000633,
            "max": 373.99004,
            "p(90)": 77.30156600000001,
            "p(95)": 80.99349480000001
        },
        "http_reqs": {
            "count": 36117,
            "rate": 85.87363713142327
        },
        "data_received": {
            "count": 22621382,
            "rate": 53785.76153277708
        },
        "http_req_receiving": {
            "avg": 0.39274945297228203,
            "min": 0.009563,
            "med": 0.206603,
            "max": 302.093655,
            "p(90)": 0.6389884,
            "p(95)": 1.006575
        },
        "http_req_tls_handshaking": {
            "min": 0,
            "med": 0,
            "max": 170.321263,
            "p(90)": 0,
            "p(95)": 0,
            "avg": 0.4355665793670573
        },
        "http_req_waiting": {
            "avg": 59.952791129468544,
            "min": 33.311458,
            "med": 56.574943,
            "max": 373.906756,
            "p(90)": 76.7989242,
            "p(95)": 80.5141862
        },
        "http_req_duration{expected_response:true}": {
            "avg": 60.7605491556689,
            "min": 40.066233,
            "med": 57.120952,
            "max": 373.99004,
            "p(90)": 77.3990358,
            "p(95)": 81.1045862
        },
        "http_req_blocked": {
            "min": 0.00007,
            "med": 0.000426,
            "max": 187.493297,
            "p(90)": 0.001135,
            "p(95)": 0.001284,
            "avg": 0.5378092807819003
        },
        "vus_max": {
            "max": 200,
            "value": 200,
            "min": 200
        },
        "http_req_sending": {
            "avg": 0.08449259611817111,
            "min": 0.009105,
            "med": 0.07175,
            "max": 4.254082,
            "p(90)": 0.157388,
            "p(95)": 0.17911699999999992
        },
        "http_req_failed": {
            "passes": 638,
            "fails": 35479,
            "value": 0.017664811584572362
        },
        "checks": {
            "passes": 35479,
            "fails": 638,
            "value": 0.9823351884154277
        },
        "iterations": {
            "count": 36117,
            "rate": 85.87363713142327
        },
        "http_req_connecting": {
            "avg": 0.09648883691890246,
            "min": 0,
            "med": 0,
            "max": 21.276661,
            "p(90)": 0,
            "p(95)": 0
        },
        "http_req_duration": {
            "max": 373.99004,
            "p(90)": 77.30156600000001,
            "p(95)": 80.99349480000001,
            "avg": 60.430033178557814,
            "min": 33.465003,
            "med": 57.000633
        },
        "vus": {
            "min": 2,
            "max": 199,
            "value": 4
        },
        "data_sent": {
            "count": 6680436,
            "rate": 15883.748288719904
        },
        "iteration_duration": {
            "avg": 1061.7007210343024,
            "min": 1034.374169,
            "med": 1057.776268,
            "max": 1374.854797,
            "p(90)": 1078.3045276,
            "p(95)": 1082.3889735999999
        }
    },
    "root_group": {
        "id": "d41d8cd98f00b204e9800998ecf8427e",
        "groups": {},
        "checks": {
                "status 200": {
                    "passes": 35479,
                    "fails": 638,
                    "name": "status 200",
                    "path": "::status 200",
                    "id": "fad9fa412b86fcb03bee97c80dcd61f1"
                }
            },
        "name": "",
        "path": ""
    }
}