{
    "root_group": {
        "name": "",
        "path": "",
        "id": "d41d8cd98f00b204e9800998ecf8427e",
        "groups": {},
        "checks": {
                "status 200": {
                    "name": "status 200",
                    "path": "::status 200",
                    "id": "fad9fa412b86fcb03bee97c80dcd61f1",
                    "passes": 34446,
                    "fails": 0
                }
            }
    },
    "metrics": {
        "vus": {
            "value": 3,
            "min": 1,
            "max": 200
        },
        "http_req_duration": {
            "p(95)": 2136.283575,
            "avg": 611.0822514602511,
            "min": 169.3773,
            "med": 283.8656,
            "max": 12531.0823,
            "p(90)": 1596.13095
        },
        "latency_over_time": {
            "avg": 611.0822514602511,
            "min": 169.3773,
            "med": 283.8656,
            "max": 12531.0823,
            "p(90)": 1596.13095,
            "p(95)": 2136.283575
        },
        "http_req_connecting": {
            "avg": 0.09605880508622187,
            "min": 0,
            "med": 0,
            "max": 18.6967,
            "p(90)": 0,
            "p(95)": 0
        },
        "http_req_sending": {
            "p(90)": 0.37105,
            "p(95)": 0.44515,
            "avg": 0.09459962840387817,
            "min": 0,
            "med": 0,
            "max": 4.3515
        },
        "data_sent": {
            "count": 6502132,
            "rate": 13540.291751220726
        },
        "http_reqs": {
            "count": 34446,
            "rate": 71.7316858012955
        },
        "http_req_tls_handshaking": {
            "p(95)": 0,
            "avg": 0.4532567613075539,
            "min": 0,
            "med": 0,
            "max": 131.6182,
            "p(90)": 0
        },
        "http_req_blocked": {
            "avg": 0.5567743714799979,
            "min": 0,
            "med": 0,
            "max": 209.6809,
            "p(90)": 0,
            "p(95)": 0
        },
        "http_req_failed": {
            "passes": 0,
            "fails": 34446,
            "value": 0
        },
        "checks": {
            "passes": 34446,
            "fails": 0,
            "value": 1
        },
        "http_req_receiving": {
            "avg": 0.33263780409917015,
            "min": 0,
            "med": 0,
            "max": 390.5599,
            "p(90)": 1.0087,
            "p(95)": 1.5102
        },
        "data_received": {
            "count": 21641656,
            "rate": 45067.42345734546
        },
        "vus_max": {
            "max": 200,
            "value": 200,
            "min": 200
        },
        "iteration_duration": {
            "avg": 1612.1235458863137,
            "min": 1169.609,
            "med": 1287.07365,
            "max": 13531.4262,
            "p(90)": 2596.68285,
            "p(95)": 3137.01885
        },
        "iterations": {
            "count": 34446,
            "rate": 71.7316858012955
        },
        "http_req_waiting": {
            "med": 283.48490000000004,
            "max": 12531.0823,
            "p(90)": 1595.9503,
            "p(95)": 2136.191625,
            "avg": 610.6550140277465,
            "min": 168.8699
        },
        "http_req_duration{expected_response:true}": {
            "max": 12531.0823,
            "p(90)": 1596.13095,
            "p(95)": 2136.283575,
            "avg": 611.0822514602511,
            "min": 169.3773,
            "med": 283.8656
        }
    }
}