{
    "root_group": {
        "checks": {
            "status 200": {
                "name": "status 200",
                "path": "::status 200",
                "id": "fad9fa412b86fcb03bee97c80dcd61f1",
                "passes": 21500,
                "fails": 0
            }
        },
        "name": "",
        "path": "",
        "id": "d41d8cd98f00b204e9800998ecf8427e",
        "groups": {}
    },
    "metrics": {
        "data_sent": {
            "count": 4192725,
            "rate": 9955.604013524218
        },
        "http_req_sending": {
            "max": 1.007074,
            "p(90)": 0.16612610000000003,
            "p(95)": 0.1830354,
            "avg": 0.09739329097674414,
            "min": 0.010337,
            "med": 0.094293
        },
        "data_received": {
            "count": 14204807,
            "rate": 33729.2413837151
        },
        "iteration_duration": {
            "med": 1223.513523,
            "max": 4321.456021,
            "p(90)": 2755.1814052000004,
            "p(95)": 3235.237489999999,
            "avg": 1668.838028877207,
            "min": 1175.311845
        },
        "http_reqs": {
            "count": 21500,
            "rate": 51.0516397547587
        },
        "http_req_blocked": {
            "min": 0.000073,
            "med": 0.000809,
            "max": 230.536476,
            "p(90)": 0.001176,
            "p(95)": 0.001313,
            "avg": 0.9053133289767408
        },
        "http_req_waiting": {
            "min": 173.894185,
            "med": 221.19108549999999,
            "max": 3320.513103,
            "p(90)": 1752.2929007000002,
            "p(95)": 2232.894264949999,
            "avg": 666.6218547413522
        },
        "iterations": {
            "count": 21500,
            "rate": 51.0516397547587
        },
        "http_req_connecting": {
            "avg": 0.1623169535348837,
            "min": 0,
            "med": 0,
            "max": 39.274751,
            "p(90)": 0,
            "p(95)": 0
        },
        "checks": {
            "passes": 21500,
            "fails": 0,
            "value": 1
        },
        "vus_max": {
            "max": 200,
            "value": 200,
            "min": 200
        },
        "latency_over_time": {
            "avg": 667.1425859939086,
            "min": 174.45239,
            "med": 221.630302,
            "max": 3320.715979,
            "p(90)": 1752.7140288000003,
            "p(95)": 2233.4101762999994
        },
        "http_req_duration": {
            "p(90)": 1752.7140288000003,
            "p(95)": 2233.4101762999994,
            "avg": 667.1425859939086,
            "min": 174.45239,
            "med": 221.630302,
            "max": 3320.715979
        },
        "http_req_duration{expected_response:true}": {
            "avg": 667.1425859939086,
            "min": 174.45239,
            "med": 221.630302,
            "max": 3320.715979,
            "p(90)": 1752.7140288000003,
            "p(95)": 2233.4101762999994
        },
        "http_req_receiving": {
            "avg": 0.42333796158139825,
            "min": 0.011872,
            "med": 0.23748,
            "max": 59.68982,
            "p(90)": 0.8723723000000005,
            "p(95)": 1.2965954999999996
        },
        "http_req_tls_handshaking": {
            "p(90)": 0,
            "p(95)": 0,
            "avg": 0.7310515580465116,
            "min": 0,
            "med": 0,
            "max": 115.91467
        },
        "vus": {
            "value": 1,
            "min": 1,
            "max": 200
        },
        "http_req_failed": {
            "passes": 0,
            "fails": 21500,
            "value": 0
        }
    }
}